title,season,number_in_season,number_in_series,original_air_date,imdb_rating,imdb_votes,us_viewers_in_millions,air_year,air_month,weekday_num,season_episode,episodes_in_season_dataset
Simpsons Roasting on an Open Fire,1,1,1,1989-12-17,8.2,3734.0,26.7,1989,12,6,S01E01,13
Bart the Genius,1,2,2,1990-01-14,7.8,1973.0,24.5,1990,1,6,S01E02,13
Homer's Odyssey,1,3,3,1990-01-21,7.5,1709.0,27.5,1990,1,6,S01E03,13
There's No Disgrace Like Home,1,4,4,1990-01-28,7.8,1701.0,20.2,1990,1,6,S01E04,13
Bart the General,1,5,5,1990-02-04,8.1,1732.0,27.1,1990,2,6,S01E05,13
Moaning Lisa,1,6,6,1990-02-11,7.6,1674.0,27.4,1990,2,6,S01E06,13
The Call of the Simpsons,1,7,7,1990-02-18,7.9,1638.0,27.6,1990,2,6,S01E07,13
The Telltale Head,1,8,8,1990-02-25,7.7,1580.0,28.0,1990,2,6,S01E08,13
Life on the Fast Lane,1,9,9,1990-03-18,7.5,1578.0,33.5,1990,3,6,S01E09,13
Homer's Night Out,1,10,10,1990-03-25,7.4,1511.0,30.3,1990,3,6,S01E10,13
The Crepes of Wrath,1,11,11,1990-04-15,7.8,1539.0,31.2,1990,4,6,S01E11,13
Krusty Gets Busted,1,12,12,1990-04-29,8.3,1716.0,30.4,1990,4,6,S01E12,13
Some Enchanted Evening,1,13,13,1990-05-13,7.9,1567.0,27.1,1990,5,6,S01E13,13
"Bart Gets an ""F""",2,1,14,1990-10-11,8.2,1638.0,33.6,1990,10,3,S02E01,22
Simpson and Delilah,2,2,15,1990-10-18,8.3,1588.0,29.9,1990,10,3,S02E02,22
Treehouse of Horror,2,3,16,1990-10-25,8.2,1786.0,27.4,1990,10,3,S02E03,22
Two Cars in Every Garage and Three Eyes on Every Fish,2,4,17,1990-11-01,8.1,1457.0,26.1,1990,11,3,S02E04,22
Dancin' Homer,2,5,18,1990-11-08,7.5,1381.0,26.1,1990,11,3,S02E05,22
Dead Putting Society,2,6,19,1990-11-15,8.0,1366.0,25.4,1990,11,3,S02E06,22
Bart vs. Thanksgiving,2,7,20,1990-11-22,7.7,1324.0,25.9,1990,11,3,S02E07,22
Bart the Daredevil,2,8,21,1990-12-06,8.4,1522.0,26.2,1990,12,3,S02E08,22
Itchy & Scratchy & Marge,2,9,22,1990-12-20,8.1,1402.0,22.2,1990,12,3,S02E09,22
Bart Gets Hit by a Car,2,10,23,1991-01-10,7.8,1340.0,24.8,1991,1,3,S02E10,22
"One Fish, Two Fish, Blowfish, Blue Fish",2,11,24,1991-01-24,8.8,1687.0,24.2,1991,1,3,S02E11,22
The Way We Was,2,12,25,1991-01-31,8.2,1392.0,26.8,1991,1,3,S02E12,22
Homer vs. Lisa and the 8th Commandment,2,13,26,1991-02-07,8.0,1329.0,26.2,1991,2,3,S02E13,22
Principal Charming,2,14,27,1991-02-14,7.5,1241.0,23.9,1991,2,3,S02E14,22
"Oh Brother, Where Art Thou?",2,15,28,1991-02-21,8.2,1413.0,26.8,1991,2,3,S02E15,22
"Bart's Dog Gets an ""F""",2,16,29,1991-03-07,7.5,1264.0,23.9,1991,3,3,S02E16,22
Old Money,2,17,30,1991-03-28,7.6,1243.0,21.2,1991,3,3,S02E17,22
Brush with Greatness,2,18,31,1991-04-11,8.0,1257.0,20.6,1991,4,3,S02E18,22
Lisa's Substitute,2,19,32,1991-04-25,8.5,1684.0,17.7,1991,4,3,S02E19,22
The War of the Simpsons,2,20,33,1991-05-02,7.9,1246.0,19.7,1991,5,3,S02E20,22
Three Men and a Comic Book,2,21,34,1991-05-09,8.4,1379.0,21.0,1991,5,3,S02E21,22
Blood Feud,2,22,35,1991-07-11,8.0,1223.0,17.3,1991,7,3,S02E22,22
Stark Raving Dad,3,1,36,1991-09-19,8.6,1798.0,22.9,1991,9,3,S03E01,24
Mr. Lisa Goes to Washington,3,2,37,1991-09-26,7.7,1274.0,20.2,1991,9,3,S03E02,24
When Flanders Failed,3,3,38,1991-10-03,8.2,1302.0,22.8,1991,10,3,S03E03,24
Bart the Murderer,3,4,39,1991-10-10,8.7,1446.0,20.8,1991,10,3,S03E04,24
Homer Defined,3,5,40,1991-10-17,8.5,1452.0,20.6,1991,10,3,S03E05,24
"Like Father, Like Clown",3,6,41,1991-10-24,7.7,1262.0,20.2,1991,10,3,S03E06,24
Treehouse of Horror II,3,7,42,1991-10-31,8.2,1369.0,20.0,1991,10,3,S03E07,24
Lisa's Pony,3,8,43,1991-11-07,7.9,1243.0,23.0,1991,11,3,S03E08,24
Saturdays of Thunder,3,9,44,1991-11-14,7.9,1194.0,24.7,1991,11,3,S03E09,24
Flaming Moe's,3,10,45,1991-11-21,8.8,1618.0,23.9,1991,11,3,S03E10,24
Burns Verkaufen der Kraftwerk,3,11,46,1991-12-05,8.2,1291.0,21.1,1991,12,3,S03E11,24
I Married Marge,3,12,47,1991-12-26,8.2,1213.0,21.9,1991,12,3,S03E12,24
Radio Bart,3,13,48,1992-01-09,8.5,1365.0,24.2,1992,1,3,S03E13,24
Lisa the Greek,3,14,49,1992-01-23,8.0,1179.0,23.2,1992,1,3,S03E14,24
Homer Alone,3,15,50,1992-02-06,8.0,1176.0,23.7,1992,2,3,S03E15,24
Bart the Lover,3,16,51,1992-02-13,8.3,1272.0,20.5,1992,2,3,S03E16,24
Homer at the Bat,3,17,52,1992-02-20,8.6,1637.0,24.6,1992,2,3,S03E17,24
Separate Vocations,3,18,53,1992-02-27,8.2,1201.0,23.7,1992,2,3,S03E18,24
Dog of Death,3,19,54,1992-03-12,7.7,1165.0,23.4,1992,3,3,S03E19,24
Colonel Homer,3,20,55,1992-03-26,7.9,1233.0,25.5,1992,3,3,S03E20,24
Black Widower,3,21,56,1992-04-09,8.2,1233.0,17.3,1992,4,3,S03E21,24
The Otto Show,3,22,57,1992-04-23,7.7,1176.0,17.5,1992,4,3,S03E22,24
Bart's Friend Falls in Love,3,23,58,1992-05-07,7.8,1160.0,19.5,1992,5,3,S03E23,24
"Brother, Can You Spare Two Dimes?",3,24,59,1992-08-27,8.2,1227.0,17.2,1992,8,3,S03E24,24
Kamp Krusty,4,1,60,1992-09-24,8.4,1414.0,21.8,1992,9,3,S04E01,22
A Streetcar Named Marge,4,2,61,1992-10-01,8.1,1339.0,18.3,1992,10,3,S04E02,22
Homer the Heretic,4,3,62,1992-10-08,9.0,1747.0,19.3,1992,10,3,S04E03,22
Lisa the Beauty Queen,4,4,63,1992-10-15,7.8,1194.0,19.0,1992,10,3,S04E04,22
Treehouse of Horror III,4,5,64,1992-10-29,8.4,1394.0,25.1,1992,10,3,S04E05,22
Itchy & Scratchy: The Movie,4,6,65,1992-11-03,8.2,1293.0,20.1,1992,11,1,S04E06,22
Marge Gets a Job,4,7,66,1992-11-05,7.8,1163.0,22.9,1992,11,3,S04E07,22
New Kid on the Block,4,8,67,1992-11-12,8.2,1240.0,23.1,1992,11,3,S04E08,22
Mr. Plow,4,9,68,1992-11-19,8.8,1595.0,24.0,1992,11,3,S04E09,22
Lisa's First Word,4,10,69,1992-12-03,8.5,1350.0,28.6,1992,12,3,S04E10,22
Homer's Triple Bypass,4,11,70,1992-12-17,8.7,1445.0,23.6,1992,12,3,S04E11,22
Marge vs. the Monorail,4,12,71,1993-01-14,9.0,2028.0,23.0,1993,1,3,S04E12,22
Selma's Choice,4,13,72,1993-01-21,8.0,1153.0,24.5,1993,1,3,S04E13,22
Brother from the Same Planet,4,14,73,1993-02-04,8.1,1176.0,23.8,1993,2,3,S04E14,22
I Love Lisa,4,15,74,1993-02-11,8.3,1268.0,25.2,1993,2,3,S04E15,22
Duffless,4,16,75,1993-02-18,8.3,1209.0,25.7,1993,2,3,S04E16,22
Last Exit to Springfield,4,17,76,1993-03-11,9.0,1827.0,22.4,1993,3,3,S04E17,22
So It's Come to This: A Simpsons Clip Show,4,18,77,1993-04-01,7.2,1105.0,25.5,1993,4,3,S04E18,22
The Front,4,19,78,1993-04-15,8.1,1122.0,20.1,1993,4,3,S04E19,22
Whacking Day,4,20,79,1993-04-29,8.1,1234.0,20.0,1993,4,3,S04E20,22
Marge in Chains,4,21,80,1993-05-06,7.7,1080.0,17.3,1993,5,3,S04E21,22
Krusty Gets Kancelled,4,22,81,1993-05-13,8.2,1269.0,19.4,1993,5,3,S04E22,22
Homer's Barbershop Quartet,5,1,82,1993-09-30,8.4,1416.0,19.9,1993,9,3,S05E01,22
Cape Feare,5,2,83,1993-10-07,9.0,2010.0,20.0,1993,10,3,S05E02,22
Homer Goes to College,5,3,84,1993-10-14,8.6,1476.0,18.1,1993,10,3,S05E03,22
Rosebud,5,4,85,1993-10-21,8.9,1479.0,19.5,1993,10,3,S05E04,22
Treehouse of Horror IV,5,5,86,1993-10-28,8.7,1437.0,24.0,1993,10,3,S05E05,22
Marge on the Lam,5,6,87,1993-11-04,8.0,1132.0,21.7,1993,11,3,S05E06,22
Bart's Inner Child,5,7,88,1993-11-11,7.7,1085.0,18.7,1993,11,3,S05E07,22
Boy-Scoutz 'n the Hood,5,8,89,1993-11-18,8.7,1270.0,20.1,1993,11,3,S05E08,22
The Last Temptation of Homer,5,9,90,1993-12-09,8.4,1308.0,20.6,1993,12,3,S05E09,22
"$pringfield (or, How I Learned to Stop Worrying and Love Legalized Gambling)",5,10,91,1993-12-16,8.5,1274.0,17.9,1993,12,3,S05E10,22
Homer the Vigilante,5,11,92,1994-01-06,8.2,1202.0,20.1,1994,1,3,S05E11,22
Bart Gets Famous,5,12,93,1994-02-03,8.1,1123.0,20.0,1994,2,3,S05E12,22
Homer and Apu,5,13,94,1994-02-10,8.3,1171.0,21.8,1994,2,3,S05E13,22
Lisa vs. Malibu Stacy,5,14,95,1994-02-17,8.2,1187.0,20.5,1994,2,3,S05E14,22
Deep Space Homer,5,15,96,1994-02-24,8.8,1505.0,18.2,1994,2,3,S05E15,22
Homer Loves Flanders,5,16,97,1994-03-17,8.5,1191.0,18.0,1994,3,3,S05E16,22
Bart Gets an Elephant,5,17,98,1994-03-31,7.9,1116.0,17.0,1994,3,3,S05E17,22
Burns' Heir,5,18,99,1994-04-14,8.4,1143.0,14.7,1994,4,3,S05E18,22
Sweet Seymour Skinner's Baadasssss Song,5,19,100,1994-04-28,8.4,1118.0,19.7,1994,4,3,S05E19,22
The Boy Who Knew Too Much,5,20,101,1994-05-05,8.2,1103.0,15.5,1994,5,3,S05E20,22
Lady Bouvier's Lover,5,21,102,1994-05-12,7.5,1014.0,15.1,1994,5,3,S05E21,22
Secrets of a Successful Marriage,5,22,103,1994-05-19,8.0,1060.0,15.6,1994,5,3,S05E22,22
Bart of Darkness,6,1,104,1994-09-04,8.6,1330.0,15.1,1994,9,6,S06E01,25
Lisa's Rival,6,2,105,1994-09-11,8.1,1156.0,16.7,1994,9,6,S06E02,25
Another Simpsons Clip Show,6,3,106,1994-09-25,6.0,1051.0,13.5,1994,9,6,S06E03,25
Itchy & Scratchy Land,6,4,107,1994-10-02,8.5,1277.0,14.8,1994,10,6,S06E04,25
Sideshow Bob Roberts,6,5,108,1994-10-09,8.3,1142.0,14.4,1994,10,6,S06E05,25
Treehouse of Horror V,6,6,109,1994-10-30,9.0,1690.0,22.2,1994,10,6,S06E06,25
Bart's Girlfriend,6,7,110,1994-11-06,8.0,1150.0,15.3,1994,11,6,S06E07,25
Lisa on Ice,6,8,111,1994-11-13,8.4,1236.0,17.9,1994,11,6,S06E08,25
Homer Badman,6,9,112,1994-11-27,9.0,1655.0,17.0,1994,11,6,S06E09,25
Grampa vs. Sexual Inadequacy,6,10,113,1994-12-04,8.0,1060.0,14.1,1994,12,6,S06E10,25
Fear of Flying,6,11,114,1994-12-18,7.8,1100.0,15.6,1994,12,6,S06E11,25
Homer the Great,6,12,115,1995-01-08,8.9,1457.0,20.1,1995,1,6,S06E12,25
And Maggie Makes Three,6,13,116,1995-01-22,8.5,1284.0,17.3,1995,1,6,S06E13,25
Bart's Comet,6,14,117,1995-02-05,8.6,1221.0,18.7,1995,2,6,S06E14,25
Homie the Clown,6,15,118,1995-02-12,8.5,1254.0,17.6,1995,2,6,S06E15,25
Bart vs. Australia,6,16,119,1995-02-19,8.5,1353.0,15.1,1995,2,6,S06E16,25
Homer vs. Patty and Selma,6,17,120,1995-02-26,7.9,1006.0,18.9,1995,2,6,S06E17,25
A Star Is Burns,6,18,121,1995-03-05,8.5,1223.0,14.4,1995,3,6,S06E18,25
Lisa's Wedding,6,19,122,1995-03-19,8.3,1190.0,14.4,1995,3,6,S06E19,25
Two Dozen and One Greyhounds,6,20,123,1995-04-09,8.1,1051.0,11.6,1995,4,6,S06E20,25
The PTA Disbands,6,21,124,1995-04-16,8.1,1004.0,11.8,1995,4,6,S06E21,25
'Round Springfield,6,22,125,1995-04-30,8.3,1084.0,12.6,1995,4,6,S06E22,25
The Springfield Connection,6,23,126,1995-05-07,8.2,1003.0,12.7,1995,5,6,S06E23,25
Lemon of Troy,6,24,127,1995-05-14,8.6,1285.0,13.1,1995,5,6,S06E24,25
Who Shot Mr. Burns? (Part One),6,25,128,1995-05-21,9.1,1619.0,15.0,1995,5,6,S06E25,25
Who Shot Mr. Burns? (Part Two),7,1,129,1995-09-17,8.9,1497.0,16.0,1995,9,6,S07E01,25
Radioactive Man,7,2,130,1995-09-24,8.3,1172.0,15.7,1995,9,6,S07E02,25
Home Sweet Homediddly-Dum-Doodily,7,3,131,1995-10-01,8.3,1088.0,14.5,1995,10,6,S07E03,25
Bart Sells His Soul,7,4,132,1995-10-08,8.7,1354.0,14.8,1995,10,6,S07E04,25
Lisa the Vegetarian,7,5,133,1995-10-15,8.5,1288.0,14.6,1995,10,6,S07E05,25
Treehouse of Horror VI,7,6,134,1995-10-29,8.5,1304.0,19.7,1995,10,6,S07E06,25
King-Size Homer,7,7,135,1995-11-05,9.0,1633.0,17.0,1995,11,6,S07E07,25
Mother Simpson,7,8,136,1995-11-19,8.5,1226.0,15.3,1995,11,6,S07E08,25
Sideshow Bob's Last Gleaming,7,9,137,1995-11-26,8.0,1023.0,14.2,1995,11,6,S07E09,25
The Simpsons 138th Episode Spectacular,7,10,138,1995-12-03,7.5,1038.0,16.4,1995,12,6,S07E10,25
Marge Be Not Proud,7,11,139,1995-12-17,8.3,1146.0,16.7,1995,12,6,S07E11,25
Team Homer,7,12,140,1996-01-07,8.3,1064.0,16.7,1996,1,6,S07E12,25
Two Bad Neighbors,7,13,141,1996-01-14,8.7,1264.0,16.5,1996,1,6,S07E13,25
Scenes from the Class Struggle in Springfield,7,14,142,1996-02-04,7.7,962.0,14.4,1996,2,6,S07E14,25
Bart the Fink,7,15,143,1996-02-11,7.7,954.0,15.0,1996,2,6,S07E15,25
Lisa the Iconoclast,7,16,144,1996-02-18,8.1,1039.0,13.4,1996,2,6,S07E16,25
Homer the Smithers,7,17,145,1996-02-25,8.9,1609.0,14.1,1996,2,6,S07E17,25
The Day the Violence Died,7,18,146,1996-03-17,8.0,1016.0,14.4,1996,3,6,S07E18,25
A Fish Called Selma,7,19,147,1996-03-24,8.2,1103.0,12.9,1996,3,6,S07E19,25
Bart on the Road,7,20,148,1996-03-31,8.6,1110.0,11.8,1996,3,6,S07E20,25
22 Short Films About Springfield,7,21,149,1996-04-14,8.8,1393.0,10.5,1996,4,6,S07E21,25
"Raging Abe Simpson and His Grumbling Grandson in ""The Curse of the Flying Hellfish""",7,22,150,1996-04-28,8.3,1122.0,13.0,1996,4,6,S07E22,25
Much Apu About Nothing,7,23,151,1996-05-05,8.0,995.0,11.3,1996,5,6,S07E23,25
Homerpalooza,7,24,152,1996-05-19,8.0,1095.0,12.9,1996,5,6,S07E24,25
Summer of 4 Ft. 2,7,25,153,1996-05-19,8.3,1119.0,14.7,1996,5,6,S07E25,25
Treehouse of Horror VII,8,1,154,1996-10-27,8.3,1186.0,18.3,1996,10,6,S08E01,25
You Only Move Twice,8,2,155,1996-11-03,9.2,2439.0,13.9,1996,11,6,S08E02,25
The Homer They Fall,8,3,156,1996-11-10,8.0,1085.0,17.0,1996,11,6,S08E03,25
"Burns, Baby Burns",8,4,157,1996-11-17,7.7,1079.0,12.6,1996,11,6,S08E04,25
Bart After Dark,8,5,158,1996-11-24,8.2,1098.0,14.1,1996,11,6,S08E05,25
A Milhouse Divided,8,6,159,1996-12-01,8.0,1008.0,12.8,1996,12,6,S08E06,25
Lisa's Date with Density,8,7,160,1996-12-15,7.8,1005.0,16.75,1996,12,6,S08E07,25
Hurricane Neddy,8,8,161,1996-12-29,8.8,1268.0,12.45,1996,12,6,S08E08,25
El Viaje Misterioso de Nuestro Jomer (The Mysterious Voyage of Homer),8,9,162,1997-01-05,8.5,1383.0,14.9,1997,1,6,S08E09,25
The Springfield Files,8,10,163,1997-01-12,9.0,1793.0,20.9,1997,1,6,S08E10,25
The Twisted World of Marge Simpson,8,11,164,1997-01-19,7.8,998.0,14.0,1997,1,6,S08E11,25
Mountain of Madness,8,12,165,1997-02-02,8.6,1137.0,9.1,1997,2,6,S08E12,25
Simpsoncalifragilisticexpiala(Annoyed Grunt)cious,8,13,166,1997-02-07,7.7,1088.0,17.7,1997,2,4,S08E13,25
The Itchy & Scratchy & Poochie Show,8,14,167,1997-02-09,7.9,1079.0,15.5,1997,2,6,S08E14,25
Homer's Phobia,8,15,168,1997-02-16,8.9,1666.0,15.3,1997,2,6,S08E15,25
Brother from Another Series,8,16,169,1997-02-23,8.2,1100.0,15.1,1997,2,6,S08E16,25
"My Sister, My Sitter",8,17,170,1997-03-02,8.1,1020.0,15.1,1997,3,6,S08E17,25
Homer vs. the Eighteenth Amendment,8,18,171,1997-03-16,8.7,1330.0,14.6,1997,3,6,S08E18,25
Grade School Confidential,8,19,172,1997-04-06,8.2,995.0,13.3,1997,4,6,S08E19,25
The Canine Mutiny,8,20,173,1997-04-13,7.7,913.0,15.75,1997,4,6,S08E20,25
The Old Man and the Lisa,8,21,174,1997-04-20,7.9,967.0,14.0,1997,4,6,S08E21,25
In Marge We Trust,8,22,175,1997-04-27,8.0,973.0,16.9,1997,4,6,S08E22,25
Homer's Enemy,8,23,176,1997-05-04,9.2,2256.0,11.8,1997,5,6,S08E23,25
The Simpsons Spin-Off Showcase,8,24,177,1997-05-11,7.3,1006.0,11.6,1997,5,6,S08E24,25
The Secret War of Lisa Simpson,8,25,178,1997-05-18,7.8,967.0,12.7,1997,5,6,S08E25,25
The City of New York vs. Homer Simpson,9,1,179,1997-09-21,9.1,1918.0,10.5,1997,9,6,S09E01,25
The Principal and the Pauper,9,2,180,1997-09-28,7.4,1158.0,14.9,1997,9,6,S09E02,25
Lisa's Sax,9,3,181,1997-10-19,8.1,980.0,12.9,1997,10,6,S09E03,25
Treehouse of Horror VIII,9,4,182,1997-10-26,8.1,1019.0,10.9,1997,10,6,S09E04,25
The Cartridge Family,9,5,183,1997-11-02,8.2,1081.0,10.3,1997,11,6,S09E05,25
Bart Star,9,6,184,1997-11-09,7.7,925.0,10.6,1997,11,6,S09E06,25
The Two Mrs. Nahasapeemapetilons,9,7,185,1997-11-16,7.7,905.0,11.4,1997,11,6,S09E07,25
Lisa the Skeptic,9,8,186,1997-11-23,8.0,978.0,9.3,1997,11,6,S09E08,25
Realty Bites,9,9,187,1997-12-07,7.5,888.0,10.6,1997,12,6,S09E09,25
Miracle on Evergreen Terrace,9,10,188,1997-12-21,7.6,958.0,9.6,1997,12,6,S09E10,25
"All Singing, All Dancing",9,11,189,1998-01-04,5.1,1119.0,8.9,1998,1,6,S09E11,25
Bart Carny,9,12,190,1998-01-11,7.7,938.0,11.7,1998,1,6,S09E12,25
The Joy of Sect,9,13,191,1998-02-08,8.2,1042.0,9.4,1998,2,6,S09E13,25
Das Bus,9,14,192,1998-02-15,8.1,1036.0,9.6,1998,2,6,S09E14,25
The Last Temptation of Krust,9,15,193,1998-02-22,7.5,878.0,9.5,1998,2,6,S09E15,25
Dumbbell Indemnity,9,16,194,1998-03-01,7.6,887.0,10.3,1998,3,6,S09E16,25
Lisa the Simpson,9,17,195,1998-03-08,8.0,957.0,10.4,1998,3,6,S09E17,25
This Little Wiggy,9,18,196,1998-03-22,7.8,906.0,8.9,1998,3,6,S09E18,25
Simpson Tide,9,19,197,1998-03-29,8.3,1026.0,9.0,1998,3,6,S09E19,25
The Trouble with Trillions,9,20,198,1998-04-05,7.9,949.0,7.4,1998,4,6,S09E20,25
Girly Edition,9,21,199,1998-04-19,7.9,905.0,8.5,1998,4,6,S09E21,25
Trash of the Titans,9,22,200,1998-04-26,8.5,1108.0,10.2,1998,4,6,S09E22,25
King of the Hill,9,23,201,1998-05-03,8.3,962.0,9.2,1998,5,6,S09E23,25
Lost Our Lisa,9,24,202,1998-05-10,7.7,880.0,7.6,1998,5,6,S09E24,25
Natural Born Kissers,9,25,203,1998-05-17,8.1,931.0,8.6,1998,5,6,S09E25,25
Lard of the Dance,10,1,204,1998-08-23,7.6,932.0,7.0,1998,8,6,S10E01,23
The Wizard of Evergreen Terrace,10,2,205,1998-09-20,8.2,988.0,7.95,1998,9,6,S10E02,23
Bart the Mother,10,3,206,1998-09-27,7.5,899.0,7.35,1998,9,6,S10E03,23
Treehouse of Horror IX,10,4,207,1998-10-25,8.0,1013.0,8.5,1998,10,6,S10E04,23
When You Dish Upon a Star,10,5,208,1998-11-08,7.3,934.0,9.0,1998,11,6,S10E05,23
D'oh-in' in the Wind,10,6,209,1998-11-15,7.6,901.0,8.3,1998,11,6,S10E06,23
"Lisa Gets an ""A""",10,7,210,1998-11-22,8.0,909.0,8.0,1998,11,6,S10E07,23
"Homer Simpson in: ""Kidney Trouble""",10,8,211,1998-12-06,7.3,863.0,7.2,1998,12,6,S10E08,23
Mayored to the Mob,10,9,212,1998-12-20,8.2,975.0,8.5,1998,12,6,S10E09,23
Viva Ned Flanders,10,10,213,1999-01-10,7.8,928.0,11.5,1999,1,6,S10E10,23
Wild Barts Can't Be Broken,10,11,214,1999-01-17,7.7,834.0,8.8,1999,1,6,S10E11,23
"Sunday, Cruddy Sunday",10,12,215,1999-01-31,6.9,880.0,11.5,1999,1,6,S10E12,23
Homer to the Max,10,13,216,1999-02-07,7.7,882.0,8.3,1999,2,6,S10E13,23
I'm with Cupid,10,14,217,1999-02-14,7.3,815.0,7.7,1999,2,6,S10E14,23
"Marge Simpson in: ""Screaming Yellow Honkers""",10,15,218,1999-02-21,7.3,831.0,8.6,1999,2,6,S10E15,23
Make Room for Lisa,10,16,219,1999-02-28,7.5,795.0,7.6,1999,2,6,S10E16,23
Maximum Homerdrive,10,17,220,1999-03-28,7.6,843.0,15.5,1999,3,6,S10E17,23
Simpsons Bible Stories,10,18,221,1999-04-04,7.3,851.0,12.2,1999,4,6,S10E18,23
Mom and Pop Art,10,19,222,1999-04-11,7.6,831.0,8.5,1999,4,6,S10E19,23
"The Old Man and the ""C"" Student",10,20,223,1999-04-25,7.3,779.0,6.9,1999,4,6,S10E20,23
Monty Can't Buy Me Love,10,21,224,1999-05-02,7.2,789.0,7.26,1999,5,6,S10E21,23
They Saved Lisa's Brain,10,22,225,1999-05-09,7.3,804.0,6.8,1999,5,6,S10E22,23
Thirty Minutes over Tokyo,10,23,226,1999-05-16,7.9,964.0,8.0,1999,5,6,S10E23,23
Beyond Blunderdome,11,1,227,1999-09-26,7.3,917.0,8.1,1999,9,6,S11E01,22
Brother's Little Helper,11,2,228,1999-10-03,7.5,776.0,7.1,1999,10,6,S11E02,22
Guess Who's Coming to Criticize Dinner?,11,3,229,1999-10-24,7.5,797.0,6.7,1999,10,6,S11E03,22
Treehouse of Horror X,11,4,230,1999-10-31,7.7,876.0,8.7,1999,10,6,S11E04,22
E-I-E-I-(Annoyed Grunt),11,5,231,1999-11-07,7.6,817.0,8.4,1999,11,6,S11E05,22
"Hello Gutter, Hello Fadder",11,6,232,1999-11-14,7.3,759.0,9.2,1999,11,6,S11E06,22
Eight Misbehavin',11,7,233,1999-11-21,7.1,747.0,9.2,1999,11,6,S11E07,22
"Take My Wife, Sleaze",11,8,234,1999-11-28,7.1,775.0,8.9,1999,11,6,S11E08,22
Grift of the Magi,11,9,235,1999-12-19,7.3,809.0,7.76,1999,12,6,S11E09,22
Little Big Mom,11,10,236,2000-01-09,7.3,715.0,10.0,2000,1,6,S11E10,22
Faith Off,11,11,237,2000-01-16,6.9,734.0,10.4,2000,1,6,S11E11,22
The Mansion Family,11,12,238,2000-01-23,7.3,747.0,11.3,2000,1,6,S11E12,22
Saddlesore Galactica,11,13,239,2000-02-06,6.6,822.0,9.6,2000,2,6,S11E13,22
"Alone Again, Natura-diddily",11,14,240,2000-02-13,7.9,887.0,10.8,2000,2,6,S11E14,22
Missionary: Impossible,11,15,241,2000-02-20,7.3,777.0,9.8,2000,2,6,S11E15,22
Pygmoelian,11,16,242,2000-02-27,7.3,755.0,9.4,2000,2,6,S11E16,22
Bart to the Future,11,17,243,2000-03-19,7.0,780.0,8.77,2000,3,6,S11E17,22
Days of Wine and D'oh'ses,11,18,244,2000-04-09,7.4,724.0,8.3,2000,4,6,S11E18,22
Kill the Alligator and Run,11,19,245,2000-04-30,6.6,805.0,7.46,2000,4,6,S11E19,22
Last Tap Dance in Springfield,11,20,246,2000-05-07,7.2,716.0,7.3,2000,5,6,S11E20,22
"It's a Mad, Mad, Mad, Mad Marge",11,21,247,2000-05-14,7.3,737.0,7.5,2000,5,6,S11E21,22
Behind the Laughter,11,22,248,2000-05-21,7.9,955.0,8.3,2000,5,6,S11E22,22
Treehouse of Horror XI,12,1,249,2000-11-01,7.6,829.0,13.2,2000,11,2,S12E01,21
A Tale of Two Springfields,12,2,250,2000-11-05,7.4,803.0,16.2,2000,11,6,S12E02,21
Insane Clown Poppy,12,3,251,2000-11-12,7.1,733.0,16.4,2000,11,6,S12E03,21
Lisa the Tree Hugger,12,4,252,2000-11-19,7.2,731.0,14.9,2000,11,6,S12E04,21
Homer vs. Dignity,12,5,253,2000-11-26,7.2,762.0,15.0,2000,11,6,S12E05,21
The Computer Wore Menace Shoes,12,6,254,2000-12-03,7.7,782.0,15.6,2000,12,6,S12E06,21
The Great Money Caper,12,7,255,2000-12-10,7.3,766.0,16.8,2000,12,6,S12E07,21
Skinner's Sense of Snow,12,8,256,2000-12-17,8.0,836.0,15.9,2000,12,6,S12E08,21
HOMR,12,9,257,2001-01-07,8.0,899.0,18.5,2001,1,6,S12E09,21
Pokey Mom,12,10,258,2001-01-14,7.3,760.0,15.0,2001,1,6,S12E10,21
Worst Episode Ever,12,11,259,2001-02-04,7.5,761.0,18.5,2001,2,6,S12E11,21
Tennis the Menace,12,12,260,2001-02-11,6.9,730.0,14.0,2001,2,6,S12E12,21
Day of the Jackanapes,12,13,261,2001-02-18,7.2,668.0,15.4,2001,2,6,S12E13,21
New Kids on the Blecch,12,14,262,2001-02-25,7.2,833.0,18.1,2001,2,6,S12E14,21
"Hungry, Hungry Homer",12,15,263,2001-03-04,7.4,731.0,17.6,2001,3,6,S12E15,21
"Bye, Bye, Nerdie",12,16,264,2001-03-11,6.5,691.0,16.1,2001,3,6,S12E16,21
Simpson Safari,12,17,265,2001-04-01,6.9,719.0,13.3,2001,4,6,S12E17,21
Trilogy of Error,12,18,266,2001-04-29,8.6,1095.0,14.4,2001,4,6,S12E18,21
I'm Goin' to Praiseland,12,19,267,2001-05-06,7.3,721.0,13.1,2001,5,6,S12E19,21
Children of a Lesser Clod,12,20,268,2001-05-13,7.3,666.0,13.8,2001,5,6,S12E20,21
Simpsons Tall Tales,12,21,269,2001-05-20,7.0,688.0,13.4,2001,5,6,S12E21,21
Treehouse of Horror XII,13,1,270,2001-11-06,7.5,824.0,13.0,2001,11,1,S13E01,22
The Parent Rap,13,2,271,2001-11-11,7.1,674.0,14.9,2001,11,6,S13E02,22
Homer the Moe,13,3,272,2001-11-18,7.2,698.0,14.4,2001,11,6,S13E03,22
A Hunka Hunka Burns in Love,13,4,273,2001-12-02,7.2,651.0,13.4,2001,12,6,S13E04,22
The Blunder Years,13,5,274,2001-12-09,7.7,716.0,12.9,2001,12,6,S13E05,22
She of Little Faith,13,6,275,2001-12-16,7.1,692.0,13.2,2001,12,6,S13E06,22
Brawl in the Family,13,7,276,2002-01-06,6.9,649.0,11.8,2002,1,6,S13E07,22
Sweets and Sour Marge,13,8,277,2002-01-20,7.0,649.0,12.3,2002,1,6,S13E08,22
Jaws Wired Shut,13,9,278,2002-01-27,7.3,642.0,14.2,2002,1,6,S13E09,22
Half-Decent Proposal,13,10,279,2002-02-10,7.5,683.0,13.2,2002,2,6,S13E10,22
The Bart Wants What It Wants,13,11,280,2002-02-17,7.1,621.0,11.2,2002,2,6,S13E11,22
The Lastest Gun in the West,13,12,281,2002-02-24,6.5,656.0,13.2,2002,2,6,S13E12,22
The Old Man and the Key,13,13,282,2002-03-10,6.5,623.0,14.5,2002,3,6,S13E13,22
Tales from the Public Domain,13,14,283,2002-03-17,7.3,630.0,11.7,2002,3,6,S13E14,22
Blame It on Lisa,13,15,284,2002-03-31,7.0,670.0,11.1,2002,3,6,S13E15,22
Weekend at Burnsie's,13,16,285,2002-04-07,7.7,765.0,12.5,2002,4,6,S13E16,22
Gump Roast,13,17,286,2002-04-21,5.6,721.0,12.3,2002,4,6,S13E17,22
I Am Furious (Yellow),13,18,287,2002-04-28,7.7,704.0,12.4,2002,4,6,S13E18,22
The Sweetest Apu,13,19,288,2002-05-05,6.9,598.0,11.8,2002,5,6,S13E19,22
Little Girl in the Big Ten,13,20,289,2002-05-12,7.2,613.0,11.2,2002,5,6,S13E20,22
The Frying Game,13,21,290,2002-05-19,7.1,642.0,10.8,2002,5,6,S13E21,22
Poppa's Got a Brand New Badge,13,22,291,2002-05-22,8.0,701.0,8.2,2002,5,2,S13E22,22
Treehouse of Horror XIII,14,1,292,2002-11-03,7.6,752.0,16.7,2002,11,6,S14E01,22
How I Spent My Strummer Vacation,14,2,293,2002-11-10,7.3,713.0,12.5,2002,11,6,S14E02,22
Bart vs. Lisa vs. the Third Grade,14,3,294,2002-11-17,7.0,645.0,13.3,2002,11,6,S14E03,22
Large Marge,14,4,295,2002-11-24,7.1,704.0,17.4,2002,11,6,S14E04,22
Helter Shelter,14,5,296,2002-12-01,6.8,633.0,15.1,2002,12,6,S14E05,22
The Great Louse Detective,14,6,297,2002-12-15,7.3,628.0,15.5,2002,12,6,S14E06,22
Special Edna,14,7,298,2003-01-05,7.1,593.0,15.0,2003,1,6,S14E07,22
The Dad Who Knew Too Little,14,8,299,2003-01-12,7.3,598.0,12.8,2003,1,6,S14E08,22
The Strong Arms of the Ma,14,9,300,2003-02-02,6.9,644.0,15.4,2003,2,6,S14E09,22
Pray Anything,14,10,301,2003-02-09,6.8,598.0,13.4,2003,2,6,S14E10,22
Barting Over,14,11,302,2003-02-16,6.6,650.0,21.3,2003,2,6,S14E11,22
I'm Spelling As Fast As I Can,14,12,303,2003-02-16,7.3,628.0,22.1,2003,2,6,S14E12,22
A Star Is Born-Again,14,13,304,2003-03-02,7.1,599.0,14.4,2003,3,6,S14E13,22
Mr. Spritz Goes to Washington,14,14,305,2003-03-09,6.9,577.0,14.4,2003,3,6,S14E14,22
C.E.D'oh,14,15,306,2003-03-16,7.3,557.0,13.0,2003,3,6,S14E15,22
'Scuse Me While I Miss the Sky,14,16,307,2003-03-30,7.1,555.0,12.6,2003,3,6,S14E16,22
Three Gays of the Condo,14,17,308,2003-04-13,7.2,649.0,12.02,2003,4,6,S14E17,22
"Dude, Where's My Ranch?",14,18,309,2003-04-27,7.0,651.0,11.71,2003,4,6,S14E18,22
Old Yeller-Belly,14,19,310,2003-05-04,6.8,574.0,11.59,2003,5,6,S14E19,22
"Brake My Wife, Please",14,20,311,2003-05-11,6.9,570.0,10.56,2003,5,6,S14E20,22
The Bart of War,14,21,312,2003-05-18,6.6,575.0,12.1,2003,5,6,S14E21,22
Moe Baby Blues,14,22,313,2003-05-18,7.7,697.0,13.44,2003,5,6,S14E22,22
Treehouse of Horror XIV,15,1,314,2003-11-02,7.4,738.0,16.22,2003,11,6,S15E01,22
My Mother the Carjacker,15,2,315,2003-11-09,7.3,595.0,12.4,2003,11,6,S15E02,22
The President Wore Pearls,15,3,316,2003-11-16,7.0,631.0,12.7,2003,11,6,S15E03,22
The Regina Monologues,15,4,317,2003-11-23,7.1,705.0,12.2,2003,11,6,S15E04,22
The Fat and the Furriest,15,5,318,2003-11-30,7.2,586.0,11.7,2003,11,6,S15E05,22
Today I Am a Clown,15,6,319,2003-12-07,6.6,576.0,10.5,2003,12,6,S15E06,22
'Tis the Fifteenth Season,15,7,320,2003-12-14,7.2,588.0,11.3,2003,12,6,S15E07,22
"Marge vs. Singles, Seniors, Childless Couples and Teens and Gays",15,8,321,2004-01-04,6.7,589.0,12.0,2004,1,6,S15E08,22
"I, (Annoyed Grunt)-bot",15,9,322,2004-01-11,7.3,607.0,16.3,2004,1,6,S15E09,22
Diatribe of a Mad Housewife,15,10,323,2004-01-25,7.3,596.0,10.6,2004,1,6,S15E10,22
Margical History Tour,15,11,324,2004-02-08,7.1,575.0,8.9,2004,2,6,S15E11,22
Milhouse Doesn't Live Here Anymore,15,12,325,2004-02-15,7.3,583.0,9.4,2004,2,6,S15E12,22
Smart & Smarter,15,13,326,2004-02-22,7.1,589.0,12.6,2004,2,6,S15E13,22
The Ziff Who Came to Dinner,15,14,327,2004-03-14,6.9,568.0,10.7,2004,3,6,S15E14,22
Co-Dependents' Day,15,15,328,2004-03-21,6.9,560.0,11.2,2004,3,6,S15E15,22
The Wandering Juvie,15,16,329,2004-03-28,6.9,599.0,10.5,2004,3,6,S15E16,22
My Big Fat Geek Wedding,15,17,330,2004-04-18,6.7,560.0,9.2,2004,4,6,S15E17,22
Catch 'Em If You Can,15,18,331,2004-04-25,7.0,609.0,9.3,2004,4,6,S15E18,22
Simple Simpson,15,19,332,2004-05-02,7.3,600.0,9.5,2004,5,6,S15E19,22
The Way We Weren't,15,20,333,2004-05-09,7.3,587.0,6.6,2004,5,6,S15E20,22
Bart-Mangled Banner,15,21,334,2004-05-16,6.2,593.0,8.7,2004,5,6,S15E21,22
Fraudcast News,15,22,335,2004-05-23,7.2,553.0,9.2,2004,5,6,S15E22,22
Treehouse of Horror XV,16,1,336,2004-11-07,7.4,666.0,11.29,2004,11,6,S16E01,21
All's Fair in Oven War,16,2,337,2004-11-14,7.0,566.0,11.64,2004,11,6,S16E02,21
Sleeping with the Enemy,16,3,338,2004-11-21,7.1,556.0,9.95,2004,11,6,S16E03,21
She Used to Be My Girl,16,4,339,2004-12-05,6.6,562.0,10.81,2004,12,6,S16E04,21
Fat Man and Little Boy,16,5,340,2004-12-12,7.1,539.0,10.31,2004,12,6,S16E05,21
Midnight Rx,16,6,341,2005-01-16,7.3,554.0,8.11,2005,1,6,S16E06,21
Mommie Beerest,16,7,342,2005-01-30,7.0,523.0,9.97,2005,1,6,S16E07,21
Homer and Ned's Hail Mary Pass,16,8,343,2005-02-06,6.4,582.0,23.07,2005,2,6,S16E08,21
Pranksta Rap,16,9,344,2005-02-13,6.8,607.0,8.01,2005,2,6,S16E09,21
There's Something About Marrying,16,10,345,2005-02-20,7.1,580.0,10.39,2005,2,6,S16E10,21
On a Clear Day I Can't See My Sister,16,11,346,2005-03-06,6.9,572.0,10.39,2005,3,6,S16E11,21
Goo Goo Gai Pan,16,12,347,2005-03-13,7.0,586.0,10.28,2005,3,6,S16E12,21
Mobile Homer,16,13,348,2005-03-20,7.0,530.0,8.49,2005,3,6,S16E13,21
The Seven-Beer Snitch,16,14,349,2005-04-03,6.9,535.0,7.48,2005,4,6,S16E14,21
Future-Drama,16,15,350,2005-04-17,7.3,615.0,8.31,2005,4,6,S16E15,21
Don't Fear the Roofer,16,16,351,2005-05-01,7.4,661.0,11.92,2005,5,6,S16E16,21
The Heartbroke Kid,16,17,352,2005-05-01,7.2,562.0,10.79,2005,5,6,S16E17,21
A Star Is Torn,16,18,353,2005-05-08,6.8,554.0,8.72,2005,5,6,S16E18,21
Thank God It's Doomsday,16,19,354,2005-05-08,7.3,575.0,10.05,2005,5,6,S16E19,21
Home Away from Homer,16,20,355,2005-05-15,7.1,546.0,8.17,2005,5,6,S16E20,21
"The Father, the Son, and the Holy Guest Star",16,21,356,2005-05-15,7.2,635.0,9.69,2005,5,6,S16E21,21
The Bonfire of the Manatees,17,1,357,2005-09-11,6.3,618.0,11.1,2005,9,6,S17E01,22
The Girl Who Slept Too Little,17,2,358,2005-09-18,6.9,585.0,9.79,2005,9,6,S17E02,22
Milhouse of Sand and Fog,17,3,359,2005-09-25,7.0,558.0,10.19,2005,9,6,S17E03,22
Treehouse of Horror XVI,17,4,360,2005-11-06,7.3,646.0,11.63,2005,11,6,S17E04,22
Marge's Son Poisoning,17,5,361,2005-11-13,6.9,578.0,11.4,2005,11,6,S17E05,22
See Homer Run,17,6,362,2005-11-20,6.9,543.0,10.3,2005,11,6,S17E06,22
The Last of the Red Hat Mamas,17,7,363,2005-11-27,6.7,560.0,11.46,2005,11,6,S17E07,22
The Italian Bob,17,8,364,2005-12-11,7.0,706.0,10.39,2005,12,6,S17E08,22
Simpsons Christmas Stories,17,9,365,2005-12-18,6.9,553.0,9.8,2005,12,6,S17E09,22
Homer's Paternity Coot,17,10,366,2006-01-08,6.7,554.0,10.1,2006,1,6,S17E10,22
We're on the Road to D'ohwhere,17,11,367,2006-01-29,7.0,535.0,9.04,2006,1,6,S17E11,22
My Fair Laddy,17,12,368,2006-02-26,6.4,597.0,9.51,2006,2,6,S17E12,22
The Seemingly Never-Ending Story,17,13,369,2006-03-12,7.4,642.0,9.72,2006,3,6,S17E13,22
Bart Has Two Mommies,17,14,370,2006-03-19,7.0,558.0,8.75,2006,3,6,S17E14,22
"Homer Simpson, This Is Your Wife",17,15,371,2006-03-26,6.5,854.0,10.09,2006,3,6,S17E15,22
Million-Dollar Abie,17,16,372,2006-04-02,6.6,577.0,7.83,2006,4,6,S17E16,22
"Kiss Kiss, Bang Bangalore",17,17,373,2006-04-09,7.2,677.0,8.2,2006,4,6,S17E17,22
The Wettest Stories Ever Told,17,18,374,2006-04-23,6.7,549.0,7.04,2006,4,6,S17E18,22
Girls Just Want to Have Sums,17,19,375,2006-04-30,7.2,582.0,8.7,2006,4,6,S17E19,22
Regarding Margie,17,20,376,2006-05-07,6.7,558.0,8.5,2006,5,6,S17E20,22
The Monkey Suit,17,21,377,2006-05-14,7.1,596.0,8.3,2006,5,6,S17E21,22
Marge and Homer Turn a Couple Play,17,22,378,2006-05-21,6.6,587.0,8.23,2006,5,6,S17E22,22
"The Mook, the Chef, the Wife and Her Homer",18,1,379,2006-09-10,7.5,754.0,11.5,2006,9,6,S18E01,22
Jazzy and the Pussycats,18,2,380,2006-09-17,6.7,671.0,8.94,2006,9,6,S18E02,22
"Please Homer, Don't Hammer 'Em",18,3,381,2006-09-24,6.8,623.0,9.72,2006,9,6,S18E03,22
Treehouse of Horror XVII,18,4,382,2006-11-05,7.1,723.0,10.43,2006,11,6,S18E04,22
G.I. (Annoyed Grunt),18,5,383,2006-11-12,6.9,656.0,11.43,2006,11,6,S18E05,22
Moe'N'a Lisa,18,6,384,2006-11-19,6.8,605.0,9.31,2006,11,6,S18E06,22
Ice Cream of Margie (with the Light Blue Hair),18,7,385,2006-11-26,7.0,603.0,10.9,2006,11,6,S18E07,22
The Haw-Hawed Couple,18,8,386,2006-12-10,7.2,578.0,8.29,2006,12,6,S18E08,22
"Kill Gil, Volumes I & II",18,9,387,2006-12-17,6.4,624.0,8.96,2006,12,6,S18E09,22
The Wife Aquatic,18,10,388,2007-01-07,6.6,615.0,13.9,2007,1,6,S18E10,22
Revenge Is a Dish Best Served Three Times,18,11,389,2007-01-28,7.0,580.0,8.09,2007,1,6,S18E11,22
Little Big Girl,18,12,390,2007-02-11,7.0,672.0,8.27,2007,2,6,S18E12,22
Springfield Up,18,13,391,2007-02-18,7.3,617.0,8.8,2007,2,6,S18E13,22
Yokel Chords,18,14,392,2007-03-04,7.1,644.0,9.09,2007,3,6,S18E14,22
Rome-Old and Juli-Eh,18,15,393,2007-03-11,6.3,606.0,8.98,2007,3,6,S18E15,22
Homerazzi,18,16,394,2007-03-25,7.2,610.0,6.91,2007,3,6,S18E16,22
Marge Gamer,18,17,395,2007-04-22,7.3,678.0,6.4,2007,4,6,S18E17,22
The Boys of Bummer,18,18,396,2007-04-29,6.3,585.0,7.57,2007,4,6,S18E18,22
Crook and Ladder,18,19,397,2007-05-06,7.1,542.0,7.72,2007,5,6,S18E19,22
Stop! Or My Dog Will Shoot,18,20,398,2007-05-13,7.0,569.0,6.48,2007,5,6,S18E20,22
24 Minutes,18,21,399,2007-05-20,8.1,1179.0,9.8,2007,5,6,S18E21,22
You Kent Always Say What You Want,18,22,400,2007-05-20,7.3,692.0,9.8,2007,5,6,S18E22,22
He Loves to Fly and He D'ohs,19,1,401,2007-09-23,6.7,706.0,9.7,2007,9,6,S19E01,20
The Homer of Seville,19,2,402,2007-09-30,6.7,684.0,8.4,2007,9,6,S19E02,20
Midnight Towboy,19,3,403,2007-10-07,7.2,637.0,7.7,2007,10,6,S19E03,20
I Don't Wanna Know Why the Caged Bird Sings,19,4,404,2007-10-14,6.9,620.0,8.8,2007,10,6,S19E04,20
Treehouse of Horror XVIII,19,5,405,2007-11-04,7.1,687.0,11.7,2007,11,6,S19E05,20
Little Orphan Millie,19,6,406,2007-11-11,6.7,591.0,10.57,2007,11,6,S19E06,20
Husbands and Knives,19,7,407,2007-11-18,7.1,762.0,10.5,2007,11,6,S19E07,20
Funeral for a Fiend,19,8,408,2007-11-25,7.1,673.0,9.0,2007,11,6,S19E08,20
Eternal Moonshine of the Simpson Mind,19,9,409,2007-12-16,8.2,949.0,10.15,2007,12,6,S19E09,20
E Pluribus Wiggum,19,10,410,2008-01-06,6.9,633.0,8.2,2008,1,6,S19E10,20
That '90s Show,19,11,411,2008-01-27,6.3,1069.0,7.6,2008,1,6,S19E11,20
"Love, Springfieldian Style",19,12,412,2008-02-17,6.6,636.0,7.81,2008,2,6,S19E12,20
The Debarted,19,13,413,2008-03-02,7.7,788.0,8.18,2008,3,6,S19E13,20
Dial 'N' for Nerder,19,14,414,2008-03-09,7.3,626.0,7.3,2008,3,6,S19E14,20
Smoke on the Daughter,19,15,415,2008-03-30,6.7,580.0,7.1,2008,3,6,S19E15,20
Papa Don't Leech,19,16,416,2008-04-13,6.1,585.0,6.9,2008,4,6,S19E16,20
Apocalypse Cow,19,17,417,2008-04-27,6.9,601.0,7.69,2008,4,6,S19E17,20
Any Given Sundance,19,18,418,2008-05-04,7.0,585.0,6.18,2008,5,6,S19E18,20
Mona Leaves-a,19,19,419,2008-05-11,7.1,613.0,6.02,2008,5,6,S19E19,20
All About Lisa,19,20,420,2008-05-18,6.4,538.0,6.11,2008,5,6,S19E20,20
"Sex, Pies and Idiot Scrapes",20,1,421,2008-09-28,7.2,780.0,9.3,2008,9,6,S20E01,21
Lost Verizon,20,2,422,2008-10-05,6.9,681.0,7.43,2008,10,6,S20E02,21
"Double, Double, Boy in Trouble",20,3,423,2008-10-19,7.0,638.0,8.09,2008,10,6,S20E03,21
Treehouse of Horror XIX,20,4,424,2008-11-02,7.1,757.0,12.48,2008,11,6,S20E04,21
Dangerous Curves,20,5,425,2008-11-09,6.6,615.0,8.16,2008,11,6,S20E05,21
Homer and Lisa Exchange Cross Words,20,6,426,2008-11-16,7.1,599.0,8.52,2008,11,6,S20E06,21
MyPods and Boomsticks,20,7,427,2008-11-30,7.1,728.0,7.8,2008,11,6,S20E07,21
The Burns and the Bees,20,8,428,2008-12-07,6.6,615.0,6.19,2008,12,6,S20E08,21
Lisa the Drama Queen,20,9,429,2009-01-25,5.9,706.0,5.75,2009,1,6,S20E09,21
"Take My Life, Please",20,10,430,2009-02-15,7.0,591.0,6.82,2009,2,6,S20E10,21
How the Test Was Won,20,11,431,2009-03-01,7.0,603.0,6.52,2009,3,6,S20E11,21
"No Loan Again, Naturally",20,12,432,2009-03-08,7.0,582.0,5.99,2009,3,6,S20E12,21
Gone Maggie Gone,20,13,433,2009-03-15,7.2,652.0,5.99,2009,3,6,S20E13,21
In the Name of the Grandfather,20,14,434,2009-03-22,6.3,619.0,6.15,2009,3,6,S20E14,21
Wedding for Disaster,20,15,435,2009-03-29,6.8,571.0,6.58,2009,3,6,S20E15,21
Eeny Teeny Maya Moe,20,16,436,2009-04-05,7.2,604.0,6.5,2009,4,6,S20E16,21
"The Good, the Sad and the Drugly",20,17,437,2009-04-19,7.2,605.0,6.5,2009,4,6,S20E17,21
Father Knows Worst,20,18,438,2009-04-26,7.0,554.0,5.94,2009,4,6,S20E18,21
"Waverly Hills, 9-0-2-1-D'oh",20,19,439,2009-05-03,7.1,613.0,6.75,2009,5,6,S20E19,21
Four Great Women and a Manicure,20,20,440,2009-05-10,6.3,591.0,5.16,2009,5,6,S20E20,21
Coming to Homerica,20,21,441,2009-05-17,7.2,648.0,5.86,2009,5,6,S20E21,21
Homer the Whopper,21,1,442,2009-09-27,7.1,698.0,8.31,2009,9,6,S21E01,23
Bart Gets a 'Z',21,2,443,2009-10-04,6.6,585.0,9.32,2009,10,6,S21E02,23
The Great Wife Hope,21,3,444,2009-10-11,6.3,562.0,7.5,2009,10,6,S21E03,23
Treehouse of Horror XX,21,4,445,2009-10-18,7.3,671.0,8.59,2009,10,6,S21E04,23
The Devil Wears Nada,21,5,446,2009-11-15,6.7,560.0,9.04,2009,11,6,S21E05,23
Pranks and Greens,21,6,447,2009-11-22,6.7,543.0,7.03,2009,11,6,S21E06,23
Rednecks and Broomsticks,21,7,448,2009-11-29,6.8,529.0,9.02,2009,11,6,S21E07,23
"O Brother, Where Bart Thou?",21,8,449,2009-12-13,7.2,542.0,7.11,2009,12,6,S21E08,23
Thursdays with Abie,21,9,450,2010-01-03,6.8,481.0,8.65,2010,1,6,S21E09,23
Once Upon a Time in Springfield,21,10,451,2010-01-10,6.7,552.0,14.62,2010,1,6,S21E10,23
Million Dollar Maybe,21,11,452,2010-01-31,7.1,532.0,5.11,2010,1,6,S21E11,23
Boy Meets Curl,21,12,453,2010-02-14,6.8,525.0,5.87,2010,2,6,S21E12,23
The Color Yellow,21,13,454,2010-02-21,6.6,496.0,6.08,2010,2,6,S21E13,23
Postcards from the Wedge,21,14,455,2010-03-14,7.1,480.0,5.23,2010,3,6,S21E14,23
Stealing First Base,21,15,456,2010-03-21,7.0,554.0,5.69,2010,3,6,S21E15,23
The Greatest Story Ever D'ohed,21,16,457,2010-03-28,5.7,675.0,5.69,2010,3,6,S21E16,23
American History X-cellent,21,17,458,2010-04-11,6.7,482.0,5.65,2010,4,6,S21E17,23
Chief of Hearts,21,18,459,2010-04-18,6.9,482.0,5.93,2010,4,6,S21E18,23
The Squirt and the Whale,21,19,460,2010-04-25,6.9,511.0,5.94,2010,4,6,S21E19,23
To Surveil with Love,21,20,461,2010-05-02,7.2,519.0,6.06,2010,5,6,S21E20,23
Moe Letter Blues,21,21,462,2010-05-09,6.9,491.0,5.66,2010,5,6,S21E21,23
The Bob Next Door,21,22,463,2010-05-16,7.2,545.0,6.26,2010,5,6,S21E22,23
Judge Me Tender,21,23,464,2010-05-23,6.6,507.0,5.74,2010,5,6,S21E23,23
Elementary School Musical,22,1,465,2010-09-26,6.3,691.0,7.75,2010,9,6,S22E01,22
Loan-a Lisa,22,2,466,2010-10-03,6.8,506.0,8.59,2010,10,6,S22E02,22
MoneyBart,22,3,467,2010-10-10,6.8,501.0,6.72,2010,10,6,S22E03,22
Treehouse of Horror XXI,22,4,468,2010-11-07,7.1,680.0,8.19,2010,11,6,S22E04,22
"Lisa Simpson, This Isn't Your Life",22,5,469,2010-11-14,7.2,482.0,8.97,2010,11,6,S22E05,22
The Fool Monty,22,6,470,2010-11-21,6.5,479.0,6.58,2010,11,6,S22E06,22
How Munched is That Birdie in the Window?,22,7,471,2010-11-28,6.4,489.0,9.38,2010,11,6,S22E07,22
The Fight Before Christmas,22,8,472,2010-12-05,6.9,564.0,9.54,2010,12,6,S22E08,22
Donnie Fatso,22,9,473,2010-12-12,7.0,528.0,7.18,2010,12,6,S22E09,22
Moms I'd Like to Forget,22,10,474,2011-01-09,6.3,464.0,12.6,2011,1,6,S22E10,22
Flaming Moe,22,11,475,2011-01-16,6.9,520.0,6.47,2011,1,6,S22E11,22
Homer the Father,22,12,476,2011-01-23,7.0,486.0,6.5,2011,1,6,S22E12,22
The Blue and the Gray,22,13,477,2011-02-13,6.9,461.0,5.61,2011,2,6,S22E13,22
Angry Dad: The Movie,22,14,478,2011-02-20,7.2,559.0,6.35,2011,2,6,S22E14,22
The Scorpion's Tale,22,15,479,2011-03-06,6.7,489.0,6.2,2011,3,6,S22E15,22
A Midsummer's Nice Dream,22,16,480,2011-03-13,6.1,481.0,5.44,2011,3,6,S22E16,22
Love Is a Many Strangled Thing,22,17,481,2011-03-27,6.5,470.0,6.14,2011,3,6,S22E17,22
The Great Simpsina,22,18,482,2011-04-10,7.0,491.0,4.99,2011,4,6,S22E18,22
The Real Housewives of Fat Tony,22,19,483,2011-05-01,6.6,486.0,6.1,2011,5,6,S22E19,22
Homer Scissorhands,22,20,484,2011-05-08,7.2,483.0,5.48,2011,5,6,S22E20,22
500 Keys,22,21,485,2011-05-15,7.3,505.0,6.0,2011,5,6,S22E21,22
The Ned-Liest Catch,22,22,486,2011-05-22,7.0,492.0,5.25,2011,5,6,S22E22,22
The Falcon and the D'ohman,23,1,487,2011-09-25,7.2,672.0,8.08,2011,9,6,S23E01,22
Bart Stops to Smell the Roosevelts,23,2,488,2011-10-02,7.0,528.0,6.19,2011,10,6,S23E02,22
Treehouse of Horror XXII,23,3,489,2011-10-30,6.6,654.0,8.1,2011,10,6,S23E03,22
Replaceable You,23,4,490,2011-11-06,6.7,491.0,7.97,2011,11,6,S23E04,22
The Food Wife,23,5,491,2011-11-13,7.2,562.0,7.5,2011,11,6,S23E05,22
The Book Job,23,6,492,2011-11-20,7.8,712.0,5.77,2011,11,6,S23E06,22
The Man in the Blue Flannel Pants,23,7,493,2011-11-27,6.8,493.0,5.61,2011,11,6,S23E07,22
The Ten-Per-Cent Solution,23,8,494,2011-12-04,6.2,476.0,9.01,2011,12,6,S23E08,22
Holidays of Future Passed,23,9,495,2011-12-11,8.2,905.0,6.43,2011,12,6,S23E09,22
"Politically Inept, with Homer Simpson",23,10,496,2012-01-08,6.1,549.0,5.07,2012,1,6,S23E10,22
The D'oh-cial Network,23,11,497,2012-01-15,7.0,553.0,11.48,2012,1,6,S23E11,22
Moe Goes from Rags to Riches,23,12,498,2012-01-29,5.7,562.0,5.12,2012,1,6,S23E12,22
The Daughter Also Rises,23,13,499,2012-02-12,6.5,490.0,4.26,2012,2,6,S23E13,22
At Long Last Leave,23,14,500,2012-02-19,7.0,580.0,5.77,2012,2,6,S23E14,22
Exit Through the Kwik-E-Mart,23,15,501,2012-03-04,6.9,425.0,5.09,2012,3,6,S23E15,22
How I Wet Your Mother,23,16,502,2012-03-11,7.3,541.0,4.97,2012,3,6,S23E16,22
"Them, Robot",23,17,503,2012-03-18,7.1,493.0,5.25,2012,3,6,S23E17,22
Beware My Cheating Bart,23,18,504,2012-04-15,7.1,470.0,4.86,2012,4,6,S23E18,22
A Totally Fun Thing That Bart Will Never Do Again,23,19,505,2012-04-29,7.4,568.0,5.0,2012,4,6,S23E19,22
The Spy Who Learned Me,23,20,506,2012-05-06,6.9,405.0,4.84,2012,5,6,S23E20,22
Ned 'n Edna's Blend,23,21,507,2012-05-13,6.7,408.0,4.07,2012,5,6,S23E21,22
Lisa Goes Gaga,23,22,508,2012-05-20,4.5,1215.0,4.82,2012,5,6,S23E22,22
Moonshine River,24,1,509,2012-09-30,6.4,597.0,8.08,2012,9,6,S24E01,22
Treehouse of Horror XXIII,24,2,510,2012-10-07,7.3,600.0,6.57,2012,10,6,S24E02,22
Adventures in Baby-Getting,24,3,511,2012-11-04,6.9,460.0,5.65,2012,11,6,S24E03,22
Gone Abie Gone,24,4,512,2012-11-11,6.7,415.0,6.86,2012,11,6,S24E04,22
Penny-Wiseguys,24,5,513,2012-11-18,6.3,426.0,5.06,2012,11,6,S24E05,22
A Tree Grows in Springfield,24,6,514,2012-11-25,6.5,430.0,7.46,2012,11,6,S24E06,22
The Day the Earth Stood Cool,24,7,515,2012-12-09,7.2,493.0,7.44,2012,12,6,S24E07,22
To Cur with Love,24,8,516,2012-12-16,7.2,441.0,3.77,2012,12,6,S24E08,22
Homer Goes to Prep School,24,9,517,2013-01-06,6.9,411.0,8.97,2013,1,6,S24E09,22
A Test Before Trying,24,10,518,2013-01-13,7.0,408.0,5.04,2013,1,6,S24E10,22
The Changing of the Guardian,24,11,519,2013-01-27,6.6,405.0,5.23,2013,1,6,S24E11,22
Love is a Many-Splintered Thing,24,12,520,2013-02-10,6.5,471.0,4.19,2013,2,6,S24E12,22
Hardly Kirk-ing,24,13,521,2013-02-17,7.0,406.0,4.57,2013,2,6,S24E13,22
Gorgeous Grampa,24,14,522,2013-03-03,6.2,423.0,4.66,2013,3,6,S24E14,22
"Black Eyed, Please",24,15,523,2013-03-10,7.0,418.0,4.85,2013,3,6,S24E15,22
Dark Knight Court,24,16,524,2013-03-17,7.1,417.0,4.89,2013,3,6,S24E16,22
What Animated Women Want,24,17,525,2013-04-14,6.5,425.0,4.11,2013,4,6,S24E17,22
Pulpit Friction,24,18,526,2013-04-28,6.5,405.0,4.54,2013,4,6,S24E18,22
Whiskey Business,24,19,527,2013-05-05,6.8,371.0,4.43,2013,5,6,S24E19,22
The Fabulous Faker Boy,24,20,528,2013-05-12,6.3,410.0,4.16,2013,5,6,S24E20,22
The Saga of Carl,24,21,529,2013-05-19,7.2,460.0,4.01,2013,5,6,S24E21,22
Dangers on a Train,24,22,530,2013-05-19,7.0,396.0,4.52,2013,5,6,S24E22,22
Homerland,25,1,531,2013-09-29,7.0,635.0,6.37,2013,9,6,S25E01,22
Treehouse of Horror XXIV,25,2,532,2013-10-06,7.1,654.0,6.42,2013,10,6,S25E02,22
Four Regrettings and a Funeral,25,3,533,2013-11-03,6.5,482.0,5.43,2013,11,6,S25E03,22
YOLO,25,4,534,2013-11-10,6.7,489.0,4.2,2013,11,6,S25E04,22
Labor Pains,25,5,535,2013-11-17,7.1,442.0,4.08,2013,11,6,S25E05,22
The Kid Is All Right,25,6,536,2013-11-24,6.5,468.0,6.78,2013,11,6,S25E06,22
Yellow Subterfuge,25,7,537,2013-12-08,7.0,440.0,6.85,2013,12,6,S25E07,22
White Christmas Blues,25,8,538,2013-12-15,6.5,449.0,8.48,2013,12,6,S25E08,22
Steal This Episode,25,9,539,2014-01-05,7.6,648.0,12.04,2014,1,6,S25E09,22
Married to the Blob,25,10,540,2014-01-12,7.1,475.0,4.83,2014,1,6,S25E10,22
Specs and the City,25,11,541,2014-01-26,7.2,431.0,3.87,2014,1,6,S25E11,22
Diggs,25,12,542,2014-03-09,6.4,473.0,2.69,2014,3,6,S25E12,22
The Man Who Grew Too Much,25,13,543,2014-03-09,6.7,468.0,3.75,2014,3,6,S25E13,22
The Winter of His Content,25,14,544,2014-03-16,6.6,407.0,4.02,2014,3,6,S25E14,22
The War of Art,25,15,545,2014-03-23,7.0,414.0,3.98,2014,3,6,S25E15,22
You Don't Have to Live Like a Referee,25,16,546,2014-03-30,6.9,430.0,3.91,2014,3,6,S25E16,22
Luca$,25,17,547,2014-04-06,6.5,415.0,4.3,2014,4,6,S25E17,22
Days of Future Future,25,18,548,2014-04-13,7.0,504.0,3.64,2014,4,6,S25E18,22
What to Expect When Bart's Expecting,25,19,549,2014-04-27,5.8,445.0,3.45,2014,4,6,S25E19,22
Brick Like Me,25,20,550,2014-05-04,7.7,705.0,4.39,2014,5,6,S25E20,22
Pay Pal,25,21,551,2014-05-11,6.7,402.0,3.66,2014,5,6,S25E21,22
The Yellow Badge of Cowardge,25,22,552,2014-05-18,6.7,416.0,3.28,2014,5,6,S25E22,22
Clown in the Dumps,26,1,553,2014-09-28,5.8,652.0,8.53,2014,9,6,S26E01,22
The Wreck of the Relationship,26,2,554,2014-10-05,6.9,490.0,4.27,2014,10,6,S26E02,22
Super Franchise Me,26,3,555,2014-10-12,6.5,457.0,7.33,2014,10,6,S26E03,22
Treehouse of Horror XXV,26,4,556,2014-10-19,7.3,612.0,7.76,2014,10,6,S26E04,22
Opposites A-Frack,26,5,557,2014-11-02,6.3,442.0,4.22,2014,11,6,S26E05,22
Simpsorama,26,6,558,2014-11-09,7.9,977.0,6.7,2014,11,6,S26E06,22
Blazed and Confused,26,7,559,2014-11-16,6.9,456.0,6.7,2014,11,6,S26E07,22
Covercraft,26,8,560,2014-11-23,6.5,431.0,3.45,2014,11,6,S26E08,22
I Won't Be Home for Christmas,26,9,561,2014-12-07,6.8,432.0,6.52,2014,12,6,S26E09,22
The Man Who Came to Be Dinner,26,10,562,2015-01-04,6.8,578.0,10.62,2015,1,6,S26E10,22
Bart's New Friend,26,11,563,2015-01-11,7.3,434.0,4.28,2015,1,6,S26E11,22
The Musk Who Fell to Earth,26,12,564,2015-01-25,5.8,439.0,3.29,2015,1,6,S26E12,22
Walking Big & Tall,26,13,565,2015-02-08,6.3,377.0,2.78,2015,2,6,S26E13,22
My Fare Lady,26,14,566,2015-02-15,6.7,360.0,2.67,2015,2,6,S26E14,22
The Princess Guide,26,15,567,2015-03-01,6.6,372.0,3.93,2015,3,6,S26E15,22
Sky Police,26,16,568,2015-03-08,6.9,377.0,3.79,2015,3,6,S26E16,22
Waiting for Duffman,26,17,569,2015-03-15,6.7,374.0,3.59,2015,3,6,S26E17,22
Peeping Mom,26,18,570,2015-04-19,6.7,334.0,3.23,2015,4,6,S26E18,22
The Kids Are All Fight,26,19,571,2015-04-26,6.9,347.0,3.33,2015,4,6,S26E19,22
Let's Go Fly a Coot,26,20,572,2015-05-03,6.2,330.0,3.12,2015,5,6,S26E20,22
Bull-E,26,21,573,2015-05-10,6.8,335.0,2.77,2015,5,6,S26E21,22
Mathlete's Feat,26,22,574,2015-05-17,6.9,335.0,2.82,2015,5,6,S26E22,22
Every Man's Dream,27,1,575,2015-09-27,5.9,532.0,3.28,2015,9,6,S27E01,22
Cue Detective,27,2,576,2015-10-04,6.7,395.0,6.02,2015,10,6,S27E02,22
Puffless,27,3,577,2015-10-11,7.2,404.0,3.31,2015,10,6,S27E03,22
Halloween of Horror,27,4,578,2015-10-18,7.5,462.0,3.69,2015,10,6,S27E04,22
Treehouse of Horror XXVI,27,5,579,2015-10-25,6.8,385.0,6.75,2015,10,6,S27E05,22
Friend with Benefit,27,6,580,2015-11-08,6.8,335.0,3.48,2015,11,6,S27E06,22
Lisa with an 'S',27,7,581,2015-11-22,6.3,328.0,5.64,2015,11,6,S27E07,22
Paths of Glory,27,8,582,2015-12-06,7.1,305.0,5.53,2015,12,6,S27E08,22
Barthood,27,9,583,2015-12-13,8.4,698.0,5.97,2015,12,6,S27E09,22
The Girl Code,27,10,584,2016-01-03,6.6,356.0,4.41,2016,1,6,S27E10,22
Teenage Mutant Milk-Caused Hurdles,27,11,585,2016-01-10,6.8,309.0,8.33,2016,1,6,S27E11,22
Much Apu About Something,27,12,586,2016-01-17,6.7,271.0,3.95,2016,1,6,S27E12,22
Love Is in the N2-O2-Ar-CO2-Ne-He-CH4,27,13,587,2016-02-14,6.3,252.0,2.89,2016,2,6,S27E13,22
Gal of Constant Sorrow,27,14,588,2016-02-21,6.6,293.0,3.1,2016,2,6,S27E14,22
Lisa the Veterinarian,27,15,589,2016-03-06,6.3,233.0,3.09,2016,3,6,S27E15,22
The Marge-ian Chronicles,27,16,590,2016-03-13,7.3,262.0,3.07,2016,3,6,S27E16,22
The Burns Cage,27,17,591,2016-04-03,6.5,246.0,2.32,2016,4,6,S27E17,22
How Lisa Got Her Marge Back,27,18,592,2016-04-10,6.4,228.0,2.55,2016,4,6,S27E18,22
Fland Canyon,27,19,593,2016-04-24,7.1,229.0,2.77,2016,4,6,S27E19,22
To Courier with Love,27,20,594,2016-05-08,6.7,193.0,2.52,2016,5,6,S27E20,22
Simprovised,27,21,595,2016-05-15,6.4,227.0,2.8,2016,5,6,S27E21,22
Orange Is the New Yellow,27,22,596,2016-05-22,6.9,210.0,2.54,2016,5,6,S27E22,22
